data_model,dataset,ta_verified,description,key_cim_fields,windows_sources
Authentication,Authentication,Yes,"Tracks authentication attempts and logon/logoff activity -- interactive, network, service, Kerberos, and RDP/smart-card logons.","action (success|failure), app, dest, src, user, signature, signature_id, authentication_method, duration, reason","Security: 4624, 4625, 4648, 4672, 4768, 4769, 4771, 4773-4777 (verified by the real Splunk_TA_windows 11.0.2 package's eventtypes.conf/tags.conf); Audit Network Policy Server, AD FS Credential Validation/Token Issuance, 4678/4679 (this catalogue's own analysis, not in the TA); SmartCard-Audit/Authentication channel"
Change,Change,Yes,"The general Change dataset, used where the real Splunk_TA_windows package tags an event tag=change without a more specific account/audit/endpoint/network sub-tag.","action, change_type, dest, object, result, status, user","Security: 4698, 4700-4702, 4706, 4713, 4744, 4749, 4750, 4759, 4799, 4876, 5461 (Scheduled Task, domain trust, Kerberos policy, and various group-management events the TA tags generically rather than into a specific sub-dataset)"
Change,Change.Account_Management,Yes,"Tracks the create/modify/delete/enable/disable/lock/unlock lifecycle of user, computer, and group accounts.","action (created|deleted|modified|enabled|disabled), change_type, dest, object, object_category (user|group), src_user, status, user","Security: the real TA's explicit ""Change Account"" eventtype (4634, 4703-4705, 4717, 4718, 4720, 4722-4726, 4732, 4738, 4740, 4767, 4781, 4794, 4798, 4800, 4801) plus 4647 (extended here by analogy -- it is the same ""Audit Logoff"" subcategory's sibling event to the TA-tagged 4634); Distribution/Application Group Management, Computer Account Management (this catalogue's own analysis for subcategories the TA does not individually enumerate); RDS local admin/RD Users group membership changes"
Change,Change.Auditing_Changes,Partial,Tracks changes to the audit policy itself and to authentication/authorization policy configuration.,"action, change_type, dest, object, result, src_user, status, user","Security: 104 (System log), 517, 612, 807, 1101, 1102, 1105, 1108, 1101, 4715, 4719, 4739, 4912 (verified by the real TA); Audit Authentication Policy Change and remaining Audit Authorization/Other Policy Change events not individually TA-tagged (this catalogue's own analysis)"
Change,Change.Endpoint_Changes,No,"Tracks broader host security-state changes -- startup, shutdown, and recovery from an audit failure. Not addressed by the real Splunk_TA_windows package at the EventCode level; this catalogue's own analysis.","action, change_type, dest, object, status, user","Security: Audit Security State Change (4608, 4609, 4616, 4621)"
Change,Change.Network_Changes,No,"Tracks changes to host firewall and IPsec configuration -- rule/policy add, modify, delete, and reset-to-default. Not addressed by the real Splunk_TA_windows package at the EventCode level (its firewall eventtypes use ""modify""/""configuration"" tags, not the change+network combination the CIM dataset requires); this catalogue's own analysis based on each event's message text.","action, change_type, dest, dvc, object, rule, status, user","Security: Audit MPSSVC Rule-Level Policy Change, Audit Filtering Platform Policy Change; the dedicated Windows Firewall With Advanced Security Firewall/FirewallVerbose/ConnectionSecurity/ConnectionSecurityVerbose channels"
Endpoint,Endpoint.Processes,Yes,Tracks process creation and termination on the endpoint.,"process, process_name, process_id, process_path, process_hash, parent_process, parent_process_id, dest, user","Security: 4673, 4674, 4688, 4689, 4696 (verified by the real TA); Sysmon Event ID 1, 5, 27 (this catalogue's own analysis -- Sysmon isn't covered by Splunk_TA_windows at all)"
Endpoint,Endpoint.Services,Yes,"Tracks Windows service lifecycle -- installed, started, stopped, or failed to start.","service, service_name, service_hash, status, dest, signature","Security/System: 1100, 4697, 5024, 5025, 5030, 5033-5035, 5478, 7036, 7040, 7045 (verified by the real TA); remaining System-log ""Services"" category events not individually TA-tagged (this catalogue's own analysis)"
Endpoint,Endpoint.Filesystem,No,Tracks file and network-share create/delete/modify/access activity. Not addressed by the real Splunk_TA_windows package at the EventCode level for the Security log; this catalogue's own analysis.,"file_name, file_path, file_hash, action, dest, user","Security: Audit File System, Audit File Share, Audit Detailed File Share, removable-media read/write (4656/4663); Sysmon Event ID 2, 11, 15, 23, 26, 28, 29"
Endpoint,Endpoint.Registry,Yes,Tracks Windows registry key and value create/modify/delete activity.,"registry_key_name, registry_value_name, registry_value_data, action, dest, user","Security: 4657, and 4670 when the object is a registry key (verified by the real TA); 5039 and Sysmon Event ID 12, 13, 14 (this catalogue's own analysis)"
Endpoint,Endpoint.Ports,Yes,"Tracks a host beginning (or being permitted) to listen on a network port -- distinct from an actual connection, which belongs to Network_Traffic.","dest, dest_port, dvc, protocol","Security: 861, 4957, 5154, 5158 (verified by the real Splunk_TA_windows 11.0.2 package -- these were originally guessed into Network_Traffic/Change.Network_Changes by this catalogue and corrected once the real TA data was available)"
Network Traffic,Network_Traffic,No,Tracks network connections and the host firewall/IPsec allow-or-block decision made about them. Not addressed by the real Splunk_TA_windows package at the EventCode level; this catalogue's own analysis.,"action (allowed|blocked|teardown), src, src_port, dest, dest_port, protocol, transport, direction, dvc","Security: Audit Filtering Platform Connection/Packet Drop, Audit IPsec Main/Quick/Extended Mode, Audit IPsec Driver; Sysmon Event ID 3 (network connect)"
Network Sessions,Network_Sessions,No,"Tracks the lifecycle of remote-access sessions -- RDP/Terminal Services logon, disconnect, reconnect, and remote-control (shadow) sessions. Not addressed by the real Splunk_TA_windows package (it only renames these channels' sourcetype, without EventCode-level CIM tagging); this catalogue's own analysis, reviewed event by event.","action, dest, duration, session_id, src, user, vendor_product","Terminal Services LocalSessionManager/RemoteConnectionManager/RDPClient/SessionBroker-Client Operational and Admin channels -- session logon/logoff/disconnect/reconnect, connection accepted, remote-control (shadow) session start/stop, session redirection"
Network Resolution (DNS),Network_Resolution,No,"Tracks DNS query/response and DNS server administrative activity. The real Splunk_TA_windows package does define a Network_Resolution eventtype, but for a different sourcetype (msdns:analytical) not present in this catalogue; this catalogue's own analysis for the sources it does cover.","query, answer, record_type, message_type, src, dest",DNS Server Operational log (zone transfer); Sysmon Event ID 22 (DNS query)
Malware,Malware.Malware_Attacks,Partial,Tracks malware/PUA detections and the protective action the antivirus product took (or failed to take) in response.,"action, category, file_name, file_hash, signature, signature_id, dest, product_version, vendor_product","Windows Defender Operational log: 1116, 1117 (verified by the real TA); remaining detection/remediation events (1006-1012, 1015, 1118-1128, 1133, 1134, 1160) not individually TA-tagged (this catalogue's own analysis)"
Malware,Malware.Malware_Operations,Partial,"Tracks the antivirus product's own operational lifecycle -- scan start/stop/completion, signature and engine updates, protection enabled/disabled, and product errors.","action, dest, product_version, signature_version, vendor_product","Windows Defender Operational log: 5004, 5007 (verified by the real TA); remaining scan/update lifecycle events (101, 1000-1005, 1013, 1014, 1150, 1151, 2000-2051, 3002, 3007, 5000-5012, 5100, 5101) not individually TA-tagged (this catalogue's own analysis)"
Updates,Updates,No,"Tracks OS and software patch/update installation activity. The real Splunk_TA_windows package does tag Windows Update activity, but via a different sourcetype (WindowsUpdateLog) not present in this catalogue; this catalogue's own analysis for the System-log events it does cover.","dest, status, package, package_id, vendor_product",System log: Windows Update Client / patch and vulnerability management events
Certificates,Certificates,No,"Tracks certificate lifecycle activity -- issuance, renewal, revocation, export, backup/restore, and client-side certificate store changes. Not addressed by the real Splunk_TA_windows package at all; this catalogue's own analysis.","dest, ssl_issuer, ssl_subject, ssl_serial, action, status","Security: Audit Certification Services, OCSP Responder Service; CertificateServicesClient Lifecycle-System/Lifecycle-User/CredentialRoaming Operational channels"
Alerts,Alerts,No,"Tracks generic alert/notification firings from any monitoring or alerting system -- not addressed by Splunk_TA_windows (a Windows-only add-on); this catalogue's own analysis, first used for Azure Monitor alert firings.","signature, severity, dest, src, app, vendor_product",None from the Windows Event Log catalogue; Azure: Subscription Activity Log's Alert category
Data Loss Prevention (DLP),DLP,No,"Tracks data loss prevention policy matches -- sensitive content detected and the action taken (blocked, audited, notified). Not addressed by Splunk_TA_windows (a Windows-only add-on, and DLP is a content-inspection concern, not an event-log one); this catalogue's own analysis, first used for Microsoft Purview DLP policy matches.","signature, action, dest, src, user, file_name, file_hash, vendor_product","None from the Windows Event Log catalogue; Microsoft 365: ComplianceDLPSharePoint, ComplianceDLPExchange, DLPEndpoint"
